[
  {
    "firstname": "Fabien",
    "lastname": "Potencier",
    "dateOfBirth": "1979-02-22",
    "creatorOf": "Symfony",
    "picture": "https://pbs.twimg.com/profile_images/1126770148092698625/nI58pL5O_200x200.png",
    "description" : "Lorem ipsum dolor sit amet, consectetur adipisicing elit. Aliquam, cumque facilis harum id ipsam necessitatibus veniam! Adipisci alias delectus harum impedit ipsum, iste laboriosam natus possimus provident ratione velit voluptatibus? "
  },
  {
    "firstname": "Taylor",
    "lastname": "Otwell",
    "dateOfBirth": "1982-10-10",
    "creatorOf": "Laravel",
    "picture": "images/profile.jpg",
    "description" : "Lorem ipsum dolor sit amet, consectetur adipisicing elit. Aliquam, cumque facilis harum id ipsam necessitatibus veniam! Adipisci alias delectus harum impedit ipsum, iste laboriosam natus possimus provident ratione velit voluptatibus? "
  },
  {
    "firstname": "Jordi",
    "lastname": "Boggiano",
    "dateOfBirth": "1986-01-30",
    "creatorOf": "Composer",
    "picture": "https://avatars.githubusercontent.com/u/183678?v=4",
    "description" : "Lorem ipsum dolor sit amet, consectetur adipisicing elit. Aliquam, cumque facilis harum id ipsam necessitatibus veniam! Adipisci alias delectus harum impedit ipsum, iste laboriosam natus possimus provident ratione velit voluptatibus? "
  }
]